Iteration,J,Emax_lv,stenosis_pct,R_systemic
1,2.68488188119846,18.0524576145357,50,5.62966453675749
2,2.68488188119846,18.0524576145357,50,5.62966453675749
3,2.68142571632366,18.0525766924683,49.9999214114604,5.62951331059946
4,1.68967280766983,20.9009002127022,47.9051227891736,1.023147566553
5,1.77235506856297,20.7267297115063,47.6280832538392,1.08264127612497
6,1.68068926424524,20.3923059689368,46.7706892909332,1.0375150970185
7,1.68654734447989,20.425929800729,46.8473671197119,1.04062425194648
8,1.69694195735128,20.4726757027388,46.8607677131361,1.04600206441103
9,1.68591620636721,20.4737597792857,46.8608016297526,1.04599476377174
10,1.67700044423239,20.4742003974103,46.8608514904575,1.04608108047861
