Output,Parameter,S1,S1_CI_lower,S1_CI_upper,ST,ST_CI_lower,ST_CI_upper
DeltaP_coa_peak,R_shunt_pda,0.0207391286626115,-0.05986507829636,0.120251476726387,0.0149017010924366,0.00654812249585747,0.030693601911798
DeltaP_coa_peak,R_systemic,0.0449471664071419,-0.131469378204325,0.285398874010282,0.041778827494404,0.0148018218991646,0.0980984593710741
DeltaP_coa_peak,R_pa,0.00168540261736553,-0.0150245509535937,0.0152715706140751,0.00150421651685163,0.000128426979166299,0.00436223649882837
DeltaP_coa_peak,C_ao,0.00127269072963847,-0.00154684728188028,0.00476153696590432,1.80982548511547e-05,7.8582062689078e-06,3.64804238535044e-05
DeltaP_coa_peak,C_sys,0.0529433565202183,-0.159106109816953,0.206158594358495,0.0380780916262588,0.013334264691831,0.0781758925025771
DeltaP_coa_peak,Emax_lv,0.690565131120133,-0.105418679864134,1.6717370716766,0.772244510733971,0.440874760193782,1.09900883759593
DeltaP_coa_peak,stenosis_pct,0.309910688882763,-0.173296662635458,0.888292403927953,0.222555984820516,0.110248760127515,0.322838528542821
DeltaP_coa_peak,coa_length_mm,-0.014082721882855,-0.104592854221021,0.104127559510943,0.00930951791780594,0.00440650331791364,0.0188502483740403
DeltaP_coa_mean_sys,R_shunt_pda,0.0612935554518827,-0.0235261081616352,0.198043167721489,0.028987596508394,0.0091290279945587,0.0679349594163075
DeltaP_coa_mean_sys,R_systemic,0.0231216912409226,-0.113548042155575,0.14266210315427,0.0370683340287652,0.0181147934205053,0.062235739404596
DeltaP_coa_mean_sys,R_pa,-0.0247057611166116,-0.0877885338095463,0.0533721116098304,0.0100107348278248,0.00421533994789153,0.0196497492581763
DeltaP_coa_mean_sys,C_ao,-0.0353210611303931,-0.073787370040078,0.00377622877214837,0.0055309078808535,0.00156314143953992,0.0114326681756197
DeltaP_coa_mean_sys,C_sys,0.14088287253759,-0.066678689252165,0.371974524548915,0.0546649402717178,0.0206129674621343,0.099666050229683
DeltaP_coa_mean_sys,Emax_lv,0.69330015555366,-0.0172120755557869,1.54897201461473,0.853593558904436,0.499441357701934,1.19418242856535
DeltaP_coa_mean_sys,stenosis_pct,0.376012485897055,-0.17920834705887,1.02847577306785,0.247172479499623,0.0976695103128646,0.410601250509539
DeltaP_coa_mean_sys,coa_length_mm,0.0360615981918369,-0.045780439781839,0.153433986264778,0.0217666775504821,0.0101008818731938,0.0403472087000137
Q_coa_fraction,R_shunt_pda,0.212693564876661,-0.126606159528543,0.586533813594946,0.0357963728860882,0.0161432953041264,0.0735284074961238
Q_coa_fraction,R_systemic,0.400014582064653,-0.412302661722441,1.27550520087381,0.204152774922585,0.103204376228537,0.37293926887881
Q_coa_fraction,R_pa,0.0130731157199063,-0.069367458853373,0.10668525995857,0.00252705365962059,0.00087200725282706,0.0057837239440689
Q_coa_fraction,C_ao,-0.0243113648277178,-0.173027365249966,0.103519351221074,0.00506938117795665,0.00153586415655804,0.0102432838367312
Q_coa_fraction,C_sys,0.228800123029723,-0.0449376765536234,0.573211908542526,0.0339698561465278,0.0164702997549794,0.0694423014830553
Q_coa_fraction,Emax_lv,0.0993512173680898,-0.0941225007971123,0.339345230211529,0.0233480148065206,0.00839702882502289,0.0547582453851527
Q_coa_fraction,stenosis_pct,0.946105535074655,-0.168356959638156,2.30556788708208,0.653974399708077,0.317656065735448,1.03778828525063
Q_coa_fraction,coa_length_mm,-0.0565371833973381,-0.220146265129444,0.0722987848851593,0.00901530786012972,0.00462982416101086,0.0166376910749202
severity_code,R_shunt_pda,0,0,0,0,0,0
severity_code,R_systemic,0,0,0,0,0,0
severity_code,R_pa,0,0,0,0,0,0
severity_code,C_ao,0,0,0,0,0,0
severity_code,C_sys,0,0,0,0,0,0
severity_code,Emax_lv,0,0,0,0,0,0
severity_code,stenosis_pct,0,0,0,0,0,0
severity_code,coa_length_mm,0,0,0,0,0,0
