Iteration,J,Emax_lv,Emin_lv,stenosis_pct,R_systemic,R_shunt_pda,R_pa,C_sys,C_ao
1,4.4326179548847,8.01666666666667,0.400833333333333,50,2.34177215189873,2.7795655116626,0.210970464135021,0.181818181818182,0.00027640850806489
2,4.4326179548847,8.01666666666667,0.400833333333333,50,2.34177215189873,2.7795655116626,0.210970464135021,0.181818181818182,0.00027640850806489
3,4.42318157018169,8.01581957162718,0.400833382315648,49.9999850159997,2.34209621862398,2.78192023244389,0.211339049582096,0.179146946022727,0.000275413085845403
4,3.86228075091914,7.95348732859309,0.400913449572672,49.9978309628628,2.74524854149612,2.94154488451591,0.211844536346069,0.204812756009338,0.000100877065429227
5,3.81224701447687,7.94564795805841,0.40092412595634,49.9973946911541,2.7985095333555,2.94686386672397,0.211928472692368,0.204676581558616,0.000100004385327146
6,1.31356227344977,7.74984940936796,0.401550041383894,49.9246698274228,6.0764002411596,3.42588941003814,0.250439337012488,0.190817913474856,0.000100000021926636
7,0.906870024022603,7.45333426583038,0.402116337018843,49.8772752838459,7.86013729986186,3.79039981287365,0.150720766848775,0.176813771652289,0.000100007596815396
8,0.905606062424161,7.49983122741471,0.402129580848835,49.8761030459551,7.99131504116775,3.75914623360304,0.157538934708627,0.175961534869002,0.000100007597161735
9,0.900733362861238,7.50282385560467,0.402167107039974,49.8761406389214,8.11520774534467,3.72487052460303,0.167426616072238,0.175475681985163,0.000100007603725991
10,0.899789287435797,7.5249873817011,0.402411981629028,49.8847324189108,8.13015697593774,3.72891834176298,0.167120031599362,0.175305772892385,0.000100008790025585
11,0.899457632892181,7.5205117282307,0.402415235840554,49.8872328004375,8.11138932352988,3.72723044028454,0.167250854953703,0.175413617804414,0.000100008790096309
12,0.896736637261397,7.52318216811367,0.402415988699435,49.8884210784947,8.11613158299114,3.72153323979918,0.167895443224638,0.175374737034275,0.000100008790132533
13,0.882129414880079,7.24214434830731,0.401657201154758,49.973416321465,8.40245111336594,3.61650986329876,0.184083865399352,0.174864593797904,0.000100010344488933
14,0.873228552807183,7.19675426244488,0.401659658502057,49.9876325961671,8.4172617079102,3.57952231968606,0.192071734490015,0.174840430088421,0.000100010344550947
15,0.87006357080942,7.38275003379449,0.403340822698696,50.1260511250355,8.14316341254374,3.62013428816043,0.193796960976254,0.175543902463552,0.000100005280875845
16,0.864713420934228,7.45037213308388,0.40334623645584,50.1380875691487,8.00894314911617,3.61939090463461,0.193271421042687,0.175436538075612,0.000100005280841677
17,0.861063692160062,7.46745850066825,0.403377241869729,50.1444381770175,7.97619582840874,3.61965199212365,0.193257645633296,0.175430729597815,0.000100005303061934
