Iteration,J,Emax_lv,stenosis_pct,C_ao
1,5.51497208764004,8.01666666666667,50,0.00027640850806489
2,5.51497208764004,8.01666666666667,50,0.00027640850806489
3,1.77118765145461,24.9150833333333,51.3842284693958,0.000325496282858292
4,1.76526462838052,24.9199514879524,50.4561137946168,0.000326382245454229
5,1.6527544375629,23.8441553563674,46.8324675898288,0.00101749120174952
6,1.64225824278311,23.6535659110813,47.1274701745343,0.00100325977965253
7,1.63167857198988,23.5205753527271,46.9476530688844,0.000553888039275395
8,1.21577923022191,15.5511849063942,34.1799041357865,0.000341146636547076
9,1.20549525196085,16.4519858258897,35.5831018528081,0.000340718567717235
10,1.20070893566401,16.5339552007849,35.7034704161387,0.000741650491519821
11,1.13906453704205,16.5431304051088,35.6216169776514,0.00758321654385383
12,1.04788034165129,16.6003848304605,35.5609177346936,0.0199379160827193
13,1.04806356472645,16.592169785725,35.5780165228625,0.0174812641600099
14,1.0479934574994,16.5856676183242,35.5766242328576,0.0174810479082761
15,1.04142458687944,16.5866881995487,35.5797855217431,0.017482104884251
