Parameter,Baseline,Optimized,LB,UB,ChangePercent
<<<<<<< HEAD
Emax_lv,18.6875,19.9956693546235,3,20,7.00023734915609
stenosis_pct,50,65.1028419089985,5,99,30.2056838179971
R_systemic,9.63687150837989,2.10470927266523,2,20,-78.1598284169811
C_sys,0.0765743073047859,0.0220212918278165,0.02,0.5,-71.2419313959107
coa_length_mm,5,2.00003228223764,2,20,-59.9993543552472
=======
Emax_lv,18.6875,19.9961087641296,3,20,7.00258870437262
stenosis_pct,50,47.4217813771546,5,99,-5.15643724569085
R_systemic,9.63687150837989,8.95610102453619,2,20,-7.06422704974044
>>>>>>> a74f94675a96dbfa0fab95ca15076cdfeb997783
